"","Comp 1","Comp 2"
"X1",-0.136421201037324,-0.108446730656847
"X2",-0.625359273241081,1.10475932587412
"X3",-0.458741948191537,-0.232118627892143
"X4",-0.212862263345249,-0.130950887143994
"X5",-0.467310550218381,-0.274308422694678
"X6",-0.441027941920783,-0.303082908198795
